,severity,casualties,vehicles_involved,temperature_mean,precipitation_sum,windspeed_max,weather_impact_score
severity,1.0,0.4373897592325595,0.09295724593592779,0.030458256133452412,-0.012433114610542015,0.01079866077119906,-0.01638488623920203
casualties,0.4373897592325595,1.0,0.04349511854170689,0.023400986151432174,-0.02049242270216378,0.001114076853564666,-0.025350067773543324
vehicles_involved,0.09295724593592779,0.04349511854170689,1.0,-0.005154989425152871,-0.009518953081094704,-0.008353074773717524,-0.009744427118297386
temperature_mean,0.030458256133452412,0.023400986151432174,-0.005154989425152871,1.0,0.08386564293086433,-0.012212082530188439,-0.09210851892294669
precipitation_sum,-0.012433114610542015,-0.02049242270216378,-0.009518953081094704,0.08386564293086433,1.0,0.377440549391201,0.976687405827937
windspeed_max,0.01079866077119906,0.001114076853564666,-0.008353074773717524,-0.012212082530188439,0.377440549391201,1.0,0.4374539885212495
weather_impact_score,-0.01638488623920203,-0.025350067773543324,-0.009744427118297386,-0.09210851892294669,0.976687405827937,0.4374539885212495,1.0
