county,accidents,avg_severity,avg_weather_impact
Dublin,1508,1.9887267904509285,2.452192307692308
Cork,872,1.9438073394495412,2.676983944954128
Galway,600,1.9483333333333333,2.8006933333333333
Limerick,518,1.861003861003861,2.7472355212355213
Kerry,441,2.002267573696145,2.9127256235827663
Waterford,426,1.9061032863849765,2.558929577464789
Kilkenny,364,1.9697802197802199,2.2350384615384615
Wexford,271,1.9225092250922509,2.396413284132841
