{
  "r2": 0.2171989433205359,
  "mae": 0.5160448983727892
}