feature,coefficient
hour,-0.011378858829665914
is_weekend,0.5789712036810936
is_rush_hour,0.5064922560329368
temperature_mean,0.0008798325328686649
precipitation_sum,-0.002349431657476883
windspeed_max,0.0007297347105146324
traffic_index,-0.3113839522587378
population,1.5153066279527394e-07
